ccy,idiff,fstar,rx,dlogE
AUD,0.01149,13.17942438,0.01009572917,0.001394270828
CAD,0.0008324324324,0.74930316,-0.0006582626022,0.001490695035
CHF,-0.01586655672,24.73409603,-0.01428166819,-0.001584888526
EUR,-0.007706539572,-15.63603143,-0.008019308162,0.0003127685898
GBP,0.0002614724324,16.45894096,-0.0003944388749,0.0006559113073
JPY,-0.01256426757,11.67482897,-0.01563483841,0.003070570844
MXN,0.05114648649,-35.06753851,0.04922971066,0.001916775828
NZD,0.01282864865,3.210507428,0.01183010863,0.0009985400163
ZAR,0.04324072453,-4.673324676,0.0378370206,0.005403703931
