model,nobs,r2,adj_r2,beta_const,se_const,p_const,beta_dVIX,se_dVIX,p_dVIX,beta_dDOLL,se_dDOLL,p_dDOLL,beta_FE_BRL,se_FE_BRL,p_FE_BRL,beta_FE_CAD,se_FE_CAD,p_FE_CAD,beta_FE_CHF,se_FE_CHF,p_FE_CHF,beta_FE_EUR,se_FE_EUR,p_FE_EUR,beta_FE_GBP,se_FE_GBP,p_FE_GBP,beta_FE_JPY,se_FE_JPY,p_FE_JPY,beta_FE_MXN,se_FE_MXN,p_FE_MXN,beta_FE_NZD,se_FE_NZD,p_FE_NZD,beta_FE_ZAR,se_FE_ZAR,p_FE_ZAR,beta_fstar,se_fstar,p_fstar,beta_idiff,se_idiff,p_idiff,beta_dfstar,se_dfstar,p_dfstar,beta_didiff,se_didiff,p_didiff,beta_dTERM,se_dTERM,p_dTERM,beta_dBAA10,se_dBAA10,p_dBAA10
dealer_positions_on_global_risk,1760,0.1045863435,0.09895158939,-0.2052186268,1.543073828,0.8941986043,-8.281102781,2.322988233,0.0003640654251,499.3776877,39.61112912,1.931971349e-36,-0.9937156141,2.444717484,0.6843939003,0.2539088709,1.942797212,0.8960186282,-0.1989940295,2.201213453,0.9279677924,-0.8176553651,1.759731063,0.642183615,-0.2126966052,2.097772041,0.9192395508,-0.1746287323,2.152830807,0.9353498091,-0.4452530585,2.042974395,0.8274731075,0.2198671072,2.482130617,0.9294157106,-1.020472491,3.241955617,0.7529357943,,,,,,,,,,,,,,,,,,
next_month_excess_returns,1760,0.5401128952,0.5372188688,-0.002731310522,0.002290514828,0.2330872205,,,,,,,-0.00601510168,0.005516400882,0.2755355325,0.001028406903,0.00222668311,0.6441846056,0.003618448926,0.003088515748,0.2413649875,0.002831188054,0.003109379385,0.3625422468,0.001270568333,0.002831969167,0.6536827917,-0.0006555098274,0.003140035908,0.8346366103,0.0004053469411,0.004375677092,0.9261924309,0.000729168774,0.003455314594,0.8328652766,-0.0005574692662,0.005076903271,0.9125640408,3.571595517e-05,2.087351595e-05,0.087069003,1.031616076,0.06625632546,1.162675482e-54,,,,,,,,,,,,
concurrent_exchange_rate_changes,1760,0.5479024953,0.544014042,-0.0003799517733,0.001197410494,0.7510074719,0.004570463035,0.002296084207,0.0465307357,1.138420549,0.03938884948,1.12346761e-183,0.004461181601,0.002656509345,0.09308585837,3.620430093e-05,0.001414127253,0.9795748952,-0.002914230224,0.001708363645,0.08803403788,-0.000824541259,0.001466844138,0.574034805,-0.0006519809576,0.001646636559,0.6921440594,0.001737110951,0.002054499599,0.397823165,0.0006756743429,0.002005405099,0.7361722247,-0.0004578113142,0.001835235784,0.8030077618,0.00430207693,0.003350829454,0.1991824829,,,,,,,0.0002977241411,3.041690154e-05,1.266341819e-22,-0.09806432004,0.3459894969,0.776846089,0.0009909523316,0.002789833328,0.7224388159,0.002685555303,0.005441096495,0.6216107612
