model,nobs,r2,adj_r2,beta_const,se_const,p_const,beta_dVIX,se_dVIX,p_dVIX,beta_dDOLL,se_dDOLL,p_dDOLL,beta_FE_CAD,se_FE_CAD,p_FE_CAD,beta_FE_CHF,se_FE_CHF,p_FE_CHF,beta_FE_EUR,se_FE_EUR,p_FE_EUR,beta_FE_GBP,se_FE_GBP,p_FE_GBP,beta_FE_JPY,se_FE_JPY,p_FE_JPY,beta_FE_MXN,se_FE_MXN,p_FE_MXN,beta_FE_NZD,se_FE_NZD,p_FE_NZD,beta_FE_ZAR,se_FE_ZAR,p_FE_ZAR,beta_fstar,se_fstar,p_fstar,beta_idiff,se_idiff,p_idiff,beta_dfstar,se_dfstar,p_dfstar,beta_didiff,se_didiff,p_didiff,beta_dTERM,se_dTERM,p_dTERM,beta_dBAA10,se_dBAA10,p_dBAA10
dealer_positions_on_global_risk,1596,0.1230698383,0.1175371558,-0.2231534938,1.538075075,0.8846428006,-9.374800033,2.405549241,9.73290325e-05,531.4747544,42.16707145,2.00642508e-36,0.2539088709,1.839538005,0.8902178077,-0.1989940295,2.146178318,0.9261258686,-0.8176553651,1.76559285,0.6432889081,-0.2126966052,2.093114665,0.9190604682,-0.1746287323,2.151330198,0.9353048129,-0.4452530585,2.043359018,0.8275050716,0.2198671072,2.475825761,0.9292364344,-1.005634988,3.24599553,0.7567070601,,,,,,,,,,,,,,,,,,
next_month_excess_returns,1596,0.426056112,0.4224350149,-0.00220734537,0.002297126438,0.3365944442,,,,,,,0.000542091848,0.001964392333,0.7825795163,0.002435771613,0.003041629082,0.423240768,0.00194552763,0.002981574909,0.514067858,0.0007829278057,0.002833825804,0.7823334462,-0.001713036719,0.003139530798,0.5853171164,0.002072211834,0.004495073825,0.6448013502,0.0007728413599,0.003457743337,0.8231383431,0.000808468682,0.005117903521,0.8744814449,3.420590097e-05,2.054736509e-05,0.09596580067,0.9877463187,0.07120689469,9.428648608e-44,,,,,,,,,,,,
concurrent_exchange_rate_changes,1596,0.5772152432,0.5734714187,-0.0003183009283,0.001198116687,0.790495126,0.005953364634,0.002292762785,0.009415427003,1.073272442,0.03876132725,9.404643566e-169,5.181787669e-06,0.001351718158,0.9969413311,-0.002918920704,0.001717286391,0.08918199687,-0.0008277382788,0.001495878821,0.5800266377,-0.0006847631313,0.001629310829,0.6742825432,0.001726727647,0.002034336246,0.3959972298,0.0006522764182,0.002014600181,0.7461086686,-0.0004684267679,0.001849345255,0.8000415709,0.004324488219,0.003390713139,0.2021705489,,,,,,,0.0003208681874,3.277800878e-05,1.253700114e-22,0.06232238577,0.512288137,0.9031722958,0.0004592275003,0.002604208793,0.8600264402,-0.0006996749114,0.005207180051,0.8931121095
